CPSBB_TOM026,1
CPSBB_TOM033,2
CPSBB_TOM153,3
CPSBB_TOM155,4
CPSBB_TOM156,5
CPSBB_TOM158,6
CPSBB_TOM159,7
CPSBB_TOM160,8
CPSBB_TOM161,9
CPSBB_TOM162,10
CPSBB_TOM163,11
CPSBB_TOM166,12
CPSBB_TOM167,13
CPSBB_TOM168,14
CPSBB_TOM169,15
CPSBB_TOM170,16
CPSBB_TOM171,17
CPSBB_TOM172,18
CPSBB_TOM175,19
CPSBB_TOM176,20
CPSBB_TOM177,21
CPSBB_TOM178,22
CPSBB_TOM179,23
CPSBB_TOM180,24
CPSBB_TOM181,25
CPSBB_TOM182,26
CPSBB_TOM183,27
CPSBB_TOM184,28
CPSBB_TOM185,29
CPSBB_TOM186,30
CPSBB_TOM188,31
CPSBB_TOM191,32
CPSBB_TOM192,33
CPSBB_TOM193,34
